Fund,P1,P2,P3,P4,P5,D+,D-,TOPSIS_Score,Rank
M6,0.07355908213447378,0.07470097251119055,0.08177071028391708,0.07891098720920717,0.07958133451059313,0.02369290836312666,0.06678919715158546,0.7381481318505099,1.0
M5,0.07857447409818791,0.08537254001278921,0.04528839338801561,0.09530608552257643,0.09025622847579676,0.042772371533125846,0.0766654316924063,0.6418858152275324,2.0
M1,0.0702154874919977,0.06888011751031857,0.08428673213880683,0.06450781672830334,0.0671984575109569,0.04285218947867087,0.05536334144522891,0.5636923297612271,3.0
M2,0.07606677811633084,0.08052182751206255,0.08806076492114145,0.04857239406857994,0.05396158899410439,0.0594235367756371,0.06260409007563149,0.5130321033935658,4.0
M4,0.06520009552828358,0.05917869250886524,0.0805126993564722,0.0649674923819492,0.06698495963165284,0.04882568105339057,0.04727955585536318,0.4919560824791715,5.0
M3,0.06603599418890259,0.06014883500901058,0.060384524517354134,0.0715561767508733,0.07061442357982206,0.050092731225969155,0.0392273509914445,0.4391772826178256,6.0
M8,0.07773857543756889,0.08343225501249855,0.04277237153312585,0.05669333061632359,0.056310065666449194,0.06854771198989736,0.04733996110414393,0.40849867669470064,7.0
M7,0.055169311600855336,0.042686270006394605,0.06667457915457853,0.07492713154427631,0.07381689176938315,0.059269231282545055,0.04074457957679645,0.4073895317727594,8.0
